[
	{
		"Title": "  Corsi di Laurea",
		"Link": "https://www.uniba.it/ricerca/dipartimenti/informatica/didattica/corsi-di-laurea/corsi-di-laurea"
	},
	{
		"Title": "  Tirocini/Stage",
		"Link": "https://www.uniba.it/ricerca/dipartimenti/informatica/didattica/tirocini/tirocini-informatica"
	},
	{
		"Title": "  Orientamento, PCTO e tutorato",
		"Link": "https://www.uniba.it/ricerca/dipartimenti/informatica/tutorato/orientamento-e-tutorato"
	},
	{
		"Title": "  Dottorato",
		"Link": "http://dottorato.di.uniba.it/nuovo/"
	},
	{
		"Title": "Post Laurea",
		"Link": "https://www.uniba.it/ricerca/dipartimenti/informatica/didattica/post-laurea"
	},
	{
		"Title": " Occupazione aule/laboratori",
		"Link": "https://classbook.di.uniba.it"
	},
	{
		"Title": " Interclasse",
		"Link": "https://www.uniba.it/ricerca/dipartimenti/informatica/didattica/interclasse/interclasse"
	},
	{
		"Title": " Erasmus+",
		"Link": "https://www.uniba.it/ricerca/dipartimenti/informatica/didattica/erasmus/erasmus"
	},
	{
		"Title": " Cultori della materia",
		"Link": "https://www.uniba.it/ricerca/dipartimenti/informatica/didattica/cultori-della-materia"
	},
	{
		"Title": " Studenti stranieri/Foreign students",
		"Link": "https://www.uniba.it/ricerca/dipartimenti/informatica/instructions-for-the-eligibility-for-the-master-degree-in-computer-science"
	},
	{
		"Title": " Modulistica e FAQ",
		"Link": "https://www.uniba.it/ricerca/dipartimenti/informatica/didattica/modulistica-1/modulistica-e-faq"
	},
	{
		"Title": "Test di valutazione lauree triennali",
		"Link": "https://www.uniba.it/ricerca/dipartimenti/informatica/test-di-valutazione/test-di-valutazione"
	},
	{
		"Title": "Test di valutazione lauree magistrali",
		"Link": "https://www.uniba.it/ricerca/dipartimenti/informatica/test-di-valutazione-magistrale/test-di-valutazione"
	}
]