[
	{
		"Title": "              I nostri eventi",
		"Link": "https://www.uniba.it/ricerca/dipartimenti/informatica/@@event_zona"
	},
	{
		"Title": "            3rd Special Section on \"Computational Intelligence and  Software Engineering\" at IJCNN 2021                        ",
		"Link": "https://www.uniba.it/ricerca/dipartimenti/informatica/notizie-eventi/eventi/3rd-special-section-on-computational-intelligence-and-software-engineering-at-ijcnn-2021"
	},
	{
		"Title": "            INTERACT 2021 - 18th IFIP TC13  Intern. Conf. on Human–Computer Interaction - Aug 30-Sept 3                        ",
		"Link": "https://www.uniba.it/ricerca/dipartimenti/informatica/notizie-eventi/eventi/interact-2021-2"
	},
	{
		"Title": "                Archivio eventi…        ",
		"Link": "https://www.uniba.it/ricerca/dipartimenti/informatica/@@event_zona"
	}
]