[
	{
		"Title": "Job Placement",
		"Link": "http://www.uniba.it/ricerca/dipartimenti/informatica/job-placement/job-placement"
	},
	{
		"Title": "Traineeship opportunity at the european court of auditors for a master student or recent master graduate in the field of data science and analytics, or similar",
		"Link": "https://www.uniba.it/ricerca/dipartimenti/informatica/job-placement/2021/job-placement-2021"
	},
	{
		"Title": "Ai2 cerca ingegneri del software per la sede di Bari",
		"Link": "https://www.uniba.it/ricerca/dipartimenti/informatica/job-placement/2021/job-placement-2021"
	},
	{
		"Title": "HACK@Bari. Se sei uno studente o un laureato in informatica dell'Università degli Studi di Bari \"Aldo Moro\" di max 30 anni partecipa il 29 giugno 2021 dalle 9.00 alle 14.30",
		"Link": "https://www.uniba.it/ricerca/dipartimenti/informatica/job-placement/2021/job-placement-2021"
	},
	{
		"Title": "L'azienda Telematica Informatica Srl si presenta agli studenti del Dipartimento di Informatica",
		"Link": "https://www.uniba.it/ricerca/dipartimenti/informatica/job-placement/2021/job-placement-2021"
	},
	{
		"Title": "Alla scoperta del Cloud! Webinar di IBM Client Innovation Center (online, venerdì 18 giugno alle 17.00) interamente dedicato al Cloud",
		"Link": "https://www.uniba.it/ricerca/dipartimenti/informatica/job-placement/2021/job-placement-2021"
	},
	{
		"Title": "IBM Client Innovation Center è alla ricerca di giovani talenti da inserire all'interno del nostro Delivery Center di Bari con un contratto di apprendistato a partire da giugno, luglio o settembre.",
		"Link": "https://www.uniba.it/ricerca/dipartimenti/informatica/job-placement/2021/job-placement-2021"
	},
	{
		"Title": "Planetek Italia organizza l'Hackathon Copernicus 2021, in collaborazione con SPRINT Lab e onData, che si svolgerà online sulla piattaforma Remo nel weekend dal 4 al 6 Giugno.",
		"Link": "https://www.uniba.it/ricerca/dipartimenti/informatica/job-placement/2021/job-placement-2021"
	},
	{
		"Title": "RAD Srl ricerca un Cyber Security Junior Consultant",
		"Link": "https://www.uniba.it/ricerca/dipartimenti/informatica/job-placement/2021/job-placement-2021"
	},
	{
		"Title": "Altre opportunità...",
		"Link": "https://www.uniba.it/ricerca/dipartimenti/informatica/job-placement"
	}
]