[
	{
		"Title": "Le nostre notizie                ",
		"Link": "https://www.uniba.it/ricerca/dipartimenti/informatica/@@news_zona"
	},
	{
		"Title": "                Digital Summer Camp                                ",
		"Link": "https://www.uniba.it/ricerca/dipartimenti/informatica/notizie-eventi/notizie/digital-summer-camp"
	},
	{
		"Title": "                AGGIORNAMENTO SEDUTA DI LAUREA GIUGNO 2021                                ",
		"Link": "https://www.uniba.it/ricerca/dipartimenti/informatica/notizie-eventi/notizie/seduta-di-laurea-giugno-2021"
	},
	{
		"Title": "                Erasmus: cambio destinazione                                ",
		"Link": "https://www.uniba.it/ricerca/dipartimenti/informatica/notizie-eventi/notizie/erasmus-cambio-destinazione"
	},
	{
		"Title": "                Studenti Erasmus                                ",
		"Link": "https://www.uniba.it/ricerca/dipartimenti/informatica/notizie-eventi/notizie/studenti-erasmus"
	},
	{
		"Title": "                SESSIONE STRAORDINARIA TEST COMPUTER SCIENCE                                ",
		"Link": "https://www.uniba.it/ricerca/dipartimenti/informatica/notizie-eventi/notizie/sessione-straordinaria-test-computer-science"
	},
	{
		"Title": "Altre notizie…",
		"Link": "https://www.uniba.it/ricerca/dipartimenti/informatica/@@news_zona"
	}
]