[
	{
		"Title": "Primo Piano",
		"Link": "http://www.uniba.it/ricerca/dipartimenti/informatica/primo-piano"
	},
	{
		"Title": "L’Università degli Studi di Bari Aldo Moro, indice per l’A.A. 2020/2021 un bando di concorso, per titoli, per l’assegnazione di n. 2 premi di laurea alla memoria denominati “prof. Alessandro Bianchi” dell’importo pari a 1.500,00 € (millecinquecento/00) cadauno, al lordo degli oneri a carico del percipiente.",
		"Link": "https://www.uniba.it/ricerca/dipartimenti/informatica/primo-piano/in-primo-piano"
	},
	{
		"Title": "L'Istituto Tumori \"Giovanni Paolo II\" ha indetto una selezione per titoli e colloquio, per 1 borsa di studio con liv. di qualificazione A2 - profilo Data Manager. La borsa di studio sarà erogata per lo svolgimento di attività di ricerca relative al progetto \"studi di fattibilità per la realizzazione di piattaforme clinico scientifiche di Precision Oncology\".",
		"Link": "https://www.uniba.it/ricerca/dipartimenti/informatica/primo-piano/in-primo-piano"
	},
	{
		"Title": "Indizione \"Borsa di studio per la miglior tesi in materia di comunicazione”. Scadenza 26 febbraio 2021",
		"Link": "https://www.uniba.it/ricerca/dipartimenti/informatica/primo-piano/in-primo-piano"
	},
	{
		"Title": "Quest’anno, per la prima volta, vedrà la luce anche la Borsa di studio per giovani laureati pugliesi che abbiano elaborato una tesi magistrale sul tema della comunicazione.",
		"Link": "https://www.uniba.it/ricerca/dipartimenti/informatica/primo-piano/in-primo-piano"
	},
	{
		"Title": "UniCC and United Nations Judges organize a global data hackathon on Data for Social Good (online, February, 16-19, 2021).Bachelor and Master Students of Computer Science and Data Science  are invited to participate",
		"Link": "https://www.uniba.it/ricerca/dipartimenti/informatica/job-placement/2021/job-placement-2021"
	},
	{
		"Title": "Altre notizie...",
		"Link": "https://www.uniba.it/ricerca/dipartimenti/informatica/primo-piano/in-primo-piano"
	}
]