[
	{
		"Title": "Dipartimento",
		"Link": "https://www.uniba.it/ricerca/dipartimenti/informatica/dipartimento/il-dipartimento-di-informatica"
	},
	{
		"Title": "    Personale",
		"Link": "https://www.uniba.it/ricerca/dipartimenti/informatica/dipartimento/personale"
	},
	{
		"Title": "   Organizzazione",
		"Link": "https://www.uniba.it/ricerca/dipartimenti/informatica/dipartimento/organizzazione"
	},
	{
		"Title": "Atti amministrativi",
		"Link": "https://www.uniba.it/ricerca/dipartimenti/informatica/dipartimento/attiamministrativi"
	},
	{
		"Title": "  Modulistica",
		"Link": "https://www.uniba.it/ricerca/dipartimenti/informatica/dipartimento/modulistica/modulistica"
	},
	{
		"Title": "Strutture e Servizi",
		"Link": "https://www.uniba.it/ricerca/dipartimenti/informatica/strutture/strutture-del-dib"
	},
	{
		"Title": "        Laboratori didattici",
		"Link": "https://www.uniba.it/ricerca/dipartimenti/informatica/laboratori-didattici-1"
	},
	{
		"Title": "         Laboratorio Tesisti",
		"Link": "https://www.uniba.it/ricerca/dipartimenti/informatica/manuzio/laboratorio-manuzio"
	},
	{
		"Title": "       Test Center Ateneo ECDL-EUCIP",
		"Link": "http://eskills.di.uniba.it/testcenter"
	},
	{
		"Title": "  Biblioteca",
		"Link": "https://www.uniba.it/bibliotechecentri/informatica/biblioteca-di-informatica"
	},
	{
		"Title": "  Raccolta museale",
		"Link": "https://www.uniba.it/ricerca/dipartimenti/informatica/museo"
	},
	{
		"Title": "Ricerca",
		"Link": "https://www.uniba.it/ricerca/dipartimenti/informatica/ricerca/ricerca"
	},
	{
		"Title": "  Laboratori",
		"Link": "https://www.uniba.it/ricerca/dipartimenti/informatica/ricerca/laboratori"
	},
	{
		"Title": "    Distretti e Consorzi",
		"Link": "http://www.uniba.it/ricerca/dipartimenti/informatica/ricerca/centri-consorzi"
	},
	{
		"Title": "      Centri Interdipartimentali         e di Servizi di Ateneo",
		"Link": "https://www.uniba.it/ricerca/dipartimenti/informatica/ricerca/centri-interdipartimentali-e-di-servizi-di-ateneo"
	},
	{
		"Title": "   Riconoscimenti      Spin off",
		"Link": "http://www.uniba.it/ricerca/dipartimenti/informatica/ricerca/spin-off"
	},
	{
		"Title": "  Personale ospitato",
		"Link": "https://www.uniba.it/ricerca/dipartimenti/informatica/ricerca/personale-ospitato"
	},
	{
		"Title": "   Visiting",
		"Link": "http://www.uniba.it/ricerca/dipartimenti/informatica/ricerca/visiting-people"
	},
	{
		"Title": "Impegno Pubblico",
		"Link": "https://www.uniba.it/ricerca/dipartimenti/informatica/public-engagement/public-engagement"
	},
	{
		"Title": "Rassegna Stampa del DIB",
		"Link": "https://www.uniba.it/ricerca/dipartimenti/informatica/public-engagement/dicono-del-dib"
	},
	{
		"Title": "     Laurea honoris causa in Computer     Science a Gastone Garziera",
		"Link": "https://www.uniba.it/ricerca/dipartimenti/informatica/albo-donore/laurea-honoris-causa-in-computer-science-a-gastone-garziera"
	}
]